{"DISCIPLINES": {"Science": {"Brown University": [0.37181409295352325, 0.3843843843843844, 0.3494539781591264, 0.3524720893141946, 0.3554119547657512, 0.36577708006279436, 0.35171385991058124, 0.3988183161004431, 0.422316384180791, 0.41361256544502617, 0.4311377245508982, 0.4302600472813239, 0.4323671497584541, 0.4429530201342282, 0.4529346622369878, 0.4605263157894737, 0.479108635097493, 0.49547511312217196, 0.4954819277108434, 0.4688, 0.4638932496075353, 0.4477503628447025, 0.4602941176470588], "Columbia University in the City of New York": [0.36269711799891247, 0.37861915367483295, 0.36904761904761907, 0.43123543123543123, 0.4515590200445434, 0.44212962962962965, 0.42715437073775575, 0.39956011730205276, 0.3990578734858681, 0.38181818181818183, 0.4328297264189465, 0.4369047619047619, 0.46644903881030103, 0.4280973451327434, 0.43257779485209374, 0.4351464435146444, 0.442719881744272, 0.4461811722912966, 0.4483805668016194, 0.44901897716307493, 0.45140324963072376, 0.4601593625498008, 0.460642227905655], "Cornell University": [0.41140159767610746, 0.4160662824207493, 0.42553983618763963, 0.4174565560821485, 0.4285165257494235, 0.4455223880597015, 0.45059435364041606, 0.446830985915493, 0.44684559079818753, 0.45118733509234826, 0.45422077922077925, 0.4568380213385063, 0.4642273766742894, 0.47188685753708176, 0.47060788243152973, 0.4897826792085631, 0.4900092222563787, 0.5078485687903971, 0.5026471504204297, 0.49503722084367247, 0.4842271293375394, 0.4885844748858447, 0.5028248587570622], "Dartmouth College": [0.4105263157894737, 0.40344827586206894, 0.3745583038869258, 0.39661016949152544, 0.376984126984127, 0.37735849056603776, 0.41124260355029585, 0.4331395348837209, 0.43846153846153846, 0.4552238805970149, 0.4397163120567376, 0.4145785876993166, 0.4082125603864734, 0.4385150812064965, 0.43301435406698563, 0.42950108459869846, 0.425, 0.4658385093167702, 0.4547169811320755, 0.44464609800362975, 0.44036697247706424, 0.46774193548387094, 0.46886446886446886], "Duke University": [0.40393208221626453, 0.41187214611872147, 0.40187793427230045, 0.42441860465116277, 0.4267399267399267, 0.4270923209663503, 0.4399363564041368, 0.44065040650406506, 0.4442793462109955, 0.4655810510732791, 0.4673684210526316, 0.4910344827586207, 0.5028985507246376, 0.5045296167247387, 0.49552906110283157, 0.4949290060851927, 0.48729641693811077, 0.4749670619235837, 0.48808832074375363, 0.48290830168204013, 0.46405228758169936, 0.4802149487054226, 0.4630681818181818], "Harvard University": [0.41224892986499834, 0.4141246684350133, 0.41541095890410956, 0.41232061603080156, 0.42005610098176716, 0.42490591857680465, 0.4408352668213457, 0.45410917816436713, 0.46153846153846156, 0.4445435622955694, 0.449169248099127, 0.45230171935662783, 0.4468775344687753, 0.4503593292520628, 0.45407368967306694, 0.4439723844928306, 0.44001043296817943, 0.4512609117361785, 0.4537835249042146, 0.4469006381039198, 0.4420324427480916, 0.44316580554250823, 0.45654614866382215], "Massachusetts Institute of Technology": [0.29484029484029484, 0.3038906414300736, 0.2951351351351351, 0.3075245365321701, 0.32064017660044153, 0.31596091205211724, 0.31263269639065816, 0.32771442736737727, 0.29886968085106386, 0.30834976988823143, 0.31453154875717015, 0.31237785016286646, 0.31421121251629724, 0.323733862959285, 0.3400796284007963, 0.3492682926829268, 0.35149729995090817, 0.34492753623188405, 0.3242535358826611, 0.30855971296770884, 0.3067514677103718, 0.31898613103778095, 0.32152974504249293], "Princeton University": [0.36792452830188677, 0.3530020703933747, 0.3453389830508475, 0.3604004449388209, 0.3560606060606061, 0.37310195227765725, 0.3658787255909558, 0.35714285714285715, 0.36398467432950193, 0.37442502299908004, 0.38133333333333336, 0.39318600368324125, 0.391812865497076, 0.4093567251461988, 0.37883435582822084, 0.3752895752895753, 0.3596168017686072, 0.3615494978479197, 0.35962566844919786, 0.3641732283464567, 0.3740105540897098, 0.38073691014867483, 0.38061617458279845], "Stanford University": [0.31576492537313433, 0.33212833258020785, 0.33530751708428247, 0.338368580060423, 0.3328488372093023, 0.34861509073543456, 0.3609802073515551, 0.3604705882352941, 0.3576222435282838, 0.3497558810474922, 0.35921501706484643, 0.35782195332757133, 0.35467565290648695, 0.3624851602690938, 0.37411413651622527, 0.3747673985857834, 0.3722735674676525, 0.37550570062522987, 0.3956912028725314, 0.38351498637602177, 0.3804862646037259, 0.3750386160024714, 0.3647195582679454], "University of Pennsylvania": [0.3730115194733955, 0.3702290076335878, 0.38286399041342123, 0.39127645926876203, 0.4037854889589905, 0.4214975845410628, 0.4220820189274448, 0.4339274738783036, 0.4240094618568894, 0.42138364779874216, 0.4290697674418605, 0.4242937853107345, 0.42111302352266206, 0.43398268398268397, 0.43376623376623374, 0.4497863247863248, 0.44414316702819956, 0.46311475409836067, 0.44786995515695066, 0.4760412001791312, 0.46620237607537895, 0.47141094199917727, 0.4681970349115256], "Yale University": [0.4204625087596356, 0.42256482130343376, 0.4368151935719503, 0.4123879380603097, 0.4247355573637103, 0.4238952536824877, 0.4397106109324759, 0.4448669201520912, 0.47409126063418405, 0.47318397827562797, 0.4622191967324711, 0.4603721571330117, 0.4519621109607578, 0.4834619625137817, 0.4838709677419355, 0.48834628190899, 0.4839067702552719, 0.4849445324881141, 0.4756613756613757, 0.4740853658536585, 0.4744842562432139, 0.4752851711026616, 0.46599362380446335]}, "Engineering": {"Brown University": [0.2222222222222222, 0.1595744680851064, 0.17391304347826086, 0.15555555555555556, 0.13414634146341464, 0.16470588235294117, 0.14634146341463414, 0.17894736842105263, 0.1619047619047619, 0.17272727272727273, 0.211864406779661, 0.2032520325203252, 0.19117647058823528, 0.24, 0.2611464968152866, 0.23943661971830985, 0.30344827586206896, 0.25165562913907286, 0.3277777777777778, 0.3023255813953488, 0.2814070351758794, 0.3141592920353982, 0.313953488372093], "Columbia University in the City of New York": [0.12237762237762238, 0.10721247563352826, 0.140117994100295, 0.16890881913303438, 0.1797752808988764, 0.20826446280991737, 0.2038664323374341, 0.2262295081967213, 0.24613003095975233, 0.2450592885375494, 0.23598435462842243, 0.21761006289308177, 0.223915592028136, 0.23605150214592274, 0.22539098436062557, 0.2336, 0.24198617221873037, 0.26099210822998875, 0.2702569169960474, 0.29974554707379136, 0.2951996410946613, 0.2983339790778768, 0.321564555209415], "Cornell University": [0.19806243272335844, 0.1909722222222222, 0.18788627935723115, 0.21212121212121213, 0.2010652463382157, 0.22435897435897437, 0.21166892808683854, 0.23361144219308702, 0.23599137931034483, 0.2302771855010661, 0.23953488372093024, 0.24833702882483372, 0.2613065326633166, 0.2776, 0.2796420581655481, 0.27479892761394104, 0.3002528445006321, 0.3089171974522293, 0.3208168642951252, 0.3250793650793651, 0.3399162178336326, 0.33770883054892603, 0.3458056729028364], "Dartmouth College": [0.19767441860465115, 0.2876712328767123, 0.22058823529411764, 0.24193548387096775, 0.23214285714285715, 0.29411764705882354, 0.29245283018867924, 0.21359223300970873, 0.22900763358778625, 0.24647887323943662, 0.2727272727272727, 0.29850746268656714, 0.2677165354330709, 0.30128205128205127, 0.3192771084337349, 0.2962962962962963, 0.285, 0.33497536945812806, 0.33653846153846156, 0.3015075376884422, 0.2894736842105263, 0.27979274611398963, 0.2863849765258216], "Duke University": [0.1968503937007874, 0.19444444444444445, 0.2222222222222222, 0.21074380165289255, 0.20717131474103587, 0.23574144486692014, 0.26359832635983266, 0.2600732600732601, 0.29194630872483224, 0.30994152046783624, 0.3111111111111111, 0.3107344632768362, 0.2893401015228426, 0.2786458333333333, 0.27371273712737126, 0.278372591006424, 0.2916666666666667, 0.3058608058608059, 0.30847457627118646, 0.32033898305084746, 0.32642487046632124, 0.31794871794871793, 0.3125],